1/1/2015 19:56:47.433,1.2097,1.2107,1.2067,1.2067,0
1/2/2015 02:03:17.360,1.2067,1.2072,1.2037,1.2037,0
1/2/2015 11:55:32.717,1.2037,1.2070,1.2007,1.2007,0
1/2/2015 16:59:59.027,1.2007,1.2016,1.1977,1.1977,0
1/5/2015 00:00:00.047,1.1977,1.1977,1.1947,1.1947,0
1/5/2015 05:47:49.230,1.1947,1.1976,1.1917,1.1917,0
1/5/2015 07:38:02.737,1.1917,1.1927,1.1887,1.1887,0
1/5/2015 15:48:47.913,1.1917,1.1947,1.1887,1.1947,0
1/6/2015 07:20:55.457,1.1917,1.1969,1.1887,1.1887,0
1/6/2015 12:19:05.100,1.1917,1.1947,1.1884,1.1947,0
1/6/2015 16:14:40.857,1.1917,1.1959,1.1887,1.1887,0
1/6/2015 17:07:15.623,1.1887,1.1897,1.1857,1.1857,0
1/7/2015 06:37:02.217,1.1857,1.1897,1.1827,1.1827,0
1/8/2015 03:58:48.027,1.1827,1.1859,1.1797,1.1797,0
1/8/2015 05:15:49.267,1.1797,1.1808,1.1767,1.1767,0
1/9/2015 08:28:23.297,1.1797,1.1827,1.1754,1.1827,0
1/9/2015 08:44:43.787,1.1797,1.1832,1.1767,1.1767,0
1/9/2015 10:30:43.770,1.1797,1.1827,1.1763,1.1827,0
1/12/2015 00:25:54.377,1.1827,1.1857,1.1818,1.1857,0
1/12/2015 05:29:15.430,1.1827,1.1871,1.1797,1.1797,0
1/12/2015 22:09:39.150,1.1827,1.1857,1.1786,1.1857,0
1/13/2015 04:45:43.257,1.1827,1.1860,1.1797,1.1797,0
1/13/2015 08:48:21.817,1.1797,1.1811,1.1767,1.1767,0
1/14/2015 04:36:21.037,1.1767,1.1811,1.1737,1.1737,0
1/14/2015 08:30:28.913,1.1767,1.1797,1.1727,1.1797,0
1/14/2015 08:37:57.960,1.1797,1.1827,1.1790,1.1827,0
1/15/2015 00:28:52.417,1.1797,1.1846,1.1767,1.1767,0
1/15/2015 04:30:58.197,1.1767,1.1786,1.1737,1.1737,0
1/15/2015 04:32:29.760,1.1737,1.1737,1.1707,1.1707,0
1/15/2015 04:33:56.493,1.1707,1.1711,1.1677,1.1677,0
1/15/2015 04:34:32.510,1.1677,1.1685,1.1647,1.1647,0
1/15/2015 04:35:11.760,1.1647,1.1678,1.1617,1.1617,0
1/15/2015 04:35:28.760,1.1617,1.1630,1.1587,1.1587,0
1/15/2015 04:36:12.743,1.1617,1.1647,1.1574,1.1647,0
1/15/2015 04:37:16.760,1.1647,1.1677,1.1640,1.1677,0
1/15/2015 04:48:44.510,1.1677,1.1707,1.1631,1.1707,0
1/15/2015 04:56:41.760,1.1707,1.1737,1.1689,1.1737,0
1/15/2015 05:08:37.290,1.1737,1.1767,1.1707,1.1767,0
1/15/2015 05:31:39.040,1.1737,1.1774,1.1707,1.1707,0
1/15/2015 05:44:22.853,1.1707,1.1715,1.1677,1.1677,0
1/15/2015 07:58:09.290,1.1707,1.1737,1.1666,1.1737,0
1/15/2015 09:10:24.510,1.1707,1.1747,1.1677,1.1677,0
1/15/2015 09:44:17.137,1.1677,1.1677,1.1647,1.1647,0
1/15/2015 10:04:30.053,1.1647,1.1648,1.1617,1.1617,0
1/15/2015 10:59:55.037,1.1617,1.1645,1.1587,1.1587,0
1/16/2015 02:39:02.217,1.1617,1.1647,1.1568,1.1647,0
1/16/2015 06:22:14.437,1.1617,1.1649,1.1587,1.1587,0
1/16/2015 09:23:30.797,1.1587,1.1609,1.1557,1.1557,0
1/16/2015 10:11:45.827,1.1557,1.1563,1.1527,1.1527,0
1/16/2015 10:43:21.853,1.1527,1.1535,1.1497,1.1497,0
1/16/2015 10:46:17.553,1.1497,1.1497,1.1467,1.1467,0
1/16/2015 11:33:40.800,1.1497,1.1527,1.1460,1.1527,0
1/16/2015 13:19:21.847,1.1527,1.1557,1.1507,1.1557,0
1/16/2015 15:01:07.583,1.1557,1.1587,1.1533,1.1587,0
1/19/2015 04:34:15.860,1.1587,1.1617,1.1551,1.1617,0
1/20/2015 11:56:58.560,1.1587,1.1639,1.1557,1.1557,0
1/21/2015 08:51:00.053,1.1587,1.1617,1.1541,1.1617,0
1/21/2015 09:48:17.830,1.1617,1.1647,1.1565,1.1647,0
1/21/2015 09:48:49.110,1.1647,1.1677,1.1647,1.1677,0
1/21/2015 10:23:39.007,1.1647,1.1680,1.1617,1.1617,0
1/21/2015 10:45:44.280,1.1617,1.1623,1.1587,1.1587,0
1/22/2015 07:45:33.763,1.1617,1.1647,1.1562,1.1647,0
1/22/2015 08:40:13.233,1.1617,1.1651,1.1587,1.1587,0
1/22/2015 08:40:40.483,1.1587,1.1595,1.1557,1.1557,0
1/22/2015 08:40:52.483,1.1557,1.1557,1.1527,1.1527,0
1/22/2015 08:44:47.983,1.1557,1.1587,1.1512,1.1587,0
1/22/2015 08:44:55.950,1.1587,1.1617,1.1585,1.1617,0
1/22/2015 08:46:38.577,1.1587,1.1638,1.1557,1.1557,0
1/22/2015 08:51:10.733,1.1557,1.1576,1.1527,1.1527,0
1/22/2015 09:08:45.483,1.1527,1.1576,1.1497,1.1497,0
1/22/2015 09:17:00.983,1.1497,1.1501,1.1467,1.1467,0
1/22/2015 10:49:45.963,1.1467,1.1518,1.1437,1.1437,0
1/22/2015 11:11:51.213,1.1437,1.1437,1.1407,1.1407,0
1/22/2015 12:58:54.697,1.1407,1.1432,1.1377,1.1377,0
1/22/2015 16:03:41.593,1.1377,1.1392,1.1347,1.1347,0
1/22/2015 16:12:53.607,1.1347,1.1347,1.1317,1.1317,0
1/23/2015 03:50:45.173,1.1317,1.1374,1.1287,1.1287,0
1/23/2015 04:20:50.673,1.1287,1.1290,1.1257,1.1257,0
1/23/2015 05:08:53.903,1.1257,1.1275,1.1227,1.1227,0
1/23/2015 06:57:11.167,1.1227,1.1248,1.1197,1.1197,0
1/23/2015 07:00:25.653,1.1197,1.1202,1.1167,1.1167,0
1/23/2015 07:13:48.153,1.1167,1.1188,1.1137,1.1137,0
1/23/2015 07:57:07.903,1.1167,1.1197,1.1114,1.1197,0
1/23/2015 08:57:27.353,1.1197,1.1227,1.1166,1.1227,0
1/23/2015 09:06:43.867,1.1227,1.1257,1.1225,1.1257,0
1/23/2015 10:37:48.567,1.1257,1.1287,1.1210,1.1287,0
1/23/2015 13:29:59.270,1.1257,1.1289,1.1227,1.1227,0
1/23/2015 16:59:59.457,1.1227,1.1248,1.1197,1.1197,0
1/26/2015 04:10:59.977,1.1227,1.1257,1.1172,1.1257,0
1/26/2015 11:19:30.540,1.1257,1.1287,1.1221,1.1287,0
1/27/2015 01:28:54.257,1.1257,1.1295,1.1227,1.1227,0
1/27/2015 03:14:49.993,1.1257,1.1287,1.1224,1.1287,0
1/27/2015 03:42:53.257,1.1287,1.1317,1.1275,1.1317,0
1/27/2015 09:02:20.383,1.1317,1.1347,1.1261,1.1347,0
1/27/2015 09:18:02.867,1.1347,1.1377,1.1337,1.1377,0
1/27/2015 10:39:22.477,1.1377,1.1407,1.1352,1.1407,0
1/27/2015 12:27:24.307,1.1377,1.1423,1.1347,1.1347,0
1/28/2015 09:50:03.153,1.1347,1.1383,1.1317,1.1317,0
1/28/2015 15:21:39.283,1.1317,1.1370,1.1287,1.1287,0
1/29/2015 09:49:23.787,1.1317,1.1347,1.1262,1.1347,0
1/29/2015 12:11:57.400,1.1317,1.1368,1.1287,1.1287,0
1/30/2015 03:34:26.533,1.1317,1.1347,1.1279,1.1347,0
1/30/2015 10:51:05.340,1.1317,1.1364,1.1287,1.1287,0
2/2/2015 04:59:00.857,1.1317,1.1347,1.1279,1.1347,0
2/3/2015 08:11:34.220,1.1347,1.1377,1.1302,1.1377,0
2/3/2015 08:36:27.657,1.1377,1.1407,1.1373,1.1407,0
2/3/2015 08:46:34.500,1.1407,1.1437,1.1402,1.1437,0
2/3/2015 11:16:42.037,1.1437,1.1467,1.1419,1.1467,0
2/3/2015 13:13:46.310,1.1467,1.1497,1.1448,1.1497,0
2/3/2015 13:27:53.560,1.1497,1.1527,1.1487,1.1527,0
2/3/2015 17:57:22.737,1.1497,1.1534,1.1467,1.1467,0
2/4/2015 03:40:37.093,1.1467,1.1485,1.1437,1.1437,0
2/4/2015 09:50:52.587,1.1437,1.1472,1.1407,1.1407,0
2/4/2015 16:11:03.450,1.1407,1.1447,1.1377,1.1377,0
2/4/2015 16:28:54.483,1.1377,1.1384,1.1347,1.1347,0
2/4/2015 16:37:50.483,1.1347,1.1347,1.1317,1.1317,0
2/5/2015 02:52:44.857,1.1347,1.1377,1.1304,1.1377,0
2/5/2015 05:24:48.700,1.1377,1.1407,1.1362,1.1407,0
2/5/2015 05:41:06.263,1.1407,1.1437,1.1407,1.1437,0
2/5/2015 13:02:49.650,1.1437,1.1467,1.1391,1.1467,0
2/5/2015 13:18:26.507,1.1467,1.1497,1.1466,1.1497,0
2/6/2015 05:49:42.087,1.1467,1.1499,1.1437,1.1437,0
2/6/2015 08:30:07.430,1.1437,1.1467,1.1407,1.1407,0
2/6/2015 08:31:42.383,1.1407,1.1407,1.1377,1.1377,0
2/6/2015 09:22:38.667,1.1377,1.1396,1.1347,1.1347,0
2/6/2015 10:22:02.213,1.1347,1.1358,1.1317,1.1317,0
2/9/2015 07:39:35.047,1.1317,1.1359,1.1287,1.1287,0
2/9/2015 11:03:01.820,1.1317,1.1347,1.1270,1.1347,0
2/10/2015 04:52:29.220,1.1317,1.1355,1.1287,1.1287,0
2/11/2015 17:03:37.627,1.1317,1.1347,1.1273,1.1347,0
2/12/2015 09:47:52.807,1.1347,1.1377,1.1302,1.1377,0
2/12/2015 11:40:30.777,1.1377,1.1407,1.1365,1.1407,0
2/13/2015 00:41:45.743,1.1407,1.1437,1.1378,1.1437,0
2/16/2015 11:55:26.563,1.1407,1.1443,1.1377,1.1377,0
2/16/2015 12:53:02.057,1.1377,1.1381,1.1347,1.1347,0
2/17/2015 05:53:56.873,1.1377,1.1407,1.1319,1.1407,0
2/17/2015 06:53:11.383,1.1407,1.1437,1.1403,1.1437,0
2/18/2015 06:21:05.993,1.1407,1.1449,1.1377,1.1377,0
2/18/2015 10:13:49.843,1.1377,1.1387,1.1347,1.1347,0
2/18/2015 14:07:46.197,1.1377,1.1407,1.1334,1.1407,0
2/19/2015 03:29:11.550,1.1407,1.1437,1.1375,1.1437,0
2/19/2015 07:12:20.247,1.1407,1.1450,1.1377,1.1377,0
2/20/2015 02:10:56.283,1.1377,1.1397,1.1347,1.1347,0
2/20/2015 04:03:09.157,1.1347,1.1362,1.1317,1.1317,0
2/20/2015 08:16:05.820,1.1317,1.1354,1.1287,1.1287,0
2/20/2015 10:23:52.947,1.1317,1.1347,1.1279,1.1347,0
2/20/2015 12:35:12.040,1.1347,1.1377,1.1325,1.1377,0
2/20/2015 12:35:26.103,1.1377,1.1407,1.1377,1.1407,0
2/23/2015 02:39:43.547,1.1377,1.1430,1.1347,1.1347,0
2/23/2015 04:07:01.813,1.1347,1.1363,1.1317,1.1317,0
2/25/2015 02:13:21.137,1.1347,1.1377,1.1288,1.1377,0
2/26/2015 07:38:56.453,1.1347,1.1389,1.1317,1.1317,0
2/26/2015 08:42:48.830,1.1317,1.1321,1.1287,1.1287,0
2/26/2015 08:50:55.390,1.1287,1.1296,1.1257,1.1257,0
2/26/2015 09:38:09.513,1.1257,1.1268,1.1227,1.1227,0
2/26/2015 12:38:07.200,1.1227,1.1240,1.1197,1.1197,0
3/2/2015 02:46:41.907,1.1197,1.1245,1.1167,1.1167,0
3/2/2015 06:17:36.953,1.1197,1.1227,1.1165,1.1227,0
3/3/2015 05:16:26.083,1.1197,1.1240,1.1167,1.1167,0
3/4/2015 03:36:26.123,1.1167,1.1217,1.1137,1.1137,0
3/4/2015 09:15:28.917,1.1137,1.1144,1.1107,1.1107,0
3/4/2015 10:06:22.890,1.1107,1.1128,1.1077,1.1077,0
3/5/2015 01:08:55.827,1.1077,1.1091,1.1047,1.1047,0
3/5/2015 08:36:57.640,1.1077,1.1107,1.1026,1.1107,0
3/5/2015 08:52:43.867,1.1077,1.1114,1.1047,1.1047,0
3/5/2015 09:04:05.583,1.1047,1.1053,1.1017,1.1017,0
3/5/2015 12:02:05.833,1.1017,1.1052,1.0987,1.0987,0
3/6/2015 06:41:11.470,1.0987,1.1034,1.0957,1.0957,0
3/6/2015 08:31:13.243,1.0957,1.0988,1.0927,1.0927,0
3/6/2015 08:31:33.740,1.0927,1.0927,1.0897,1.0897,0
3/6/2015 09:21:22.473,1.0897,1.0917,1.0867,1.0867,0
3/9/2015 01:07:20.970,1.0867,1.0888,1.0837,1.0837,0
3/9/2015 05:01:00.440,1.0867,1.0897,1.0836,1.0897,0
3/9/2015 19:33:25.380,1.0867,1.0906,1.0837,1.0837,0
3/9/2015 23:10:28.387,1.0837,1.0838,1.0807,1.0807,0
3/10/2015 04:21:54.627,1.0807,1.0824,1.0777,1.0777,0
3/10/2015 04:44:21.127,1.0777,1.0784,1.0747,1.0747,0
3/10/2015 11:37:12.120,1.0747,1.0793,1.0717,1.0717,0
3/10/2015 17:04:32.800,1.0717,1.0727,1.0687,1.0687,0
3/11/2015 04:05:37.000,1.0687,1.0717,1.0657,1.0657,0
3/11/2015 05:26:39.267,1.0657,1.0663,1.0627,1.0627,0
3/11/2015 05:57:52.783,1.0627,1.0627,1.0597,1.0597,0
3/11/2015 06:33:56.253,1.0597,1.0607,1.0567,1.0567,0
3/11/2015 08:26:05.503,1.0597,1.0627,1.0560,1.0627,0
3/11/2015 11:03:27.507,1.0597,1.0628,1.0567,1.0567,0
3/11/2015 13:30:59.507,1.0567,1.0601,1.0537,1.0537,0
3/11/2015 22:35:38.017,1.0537,1.0555,1.0507,1.0507,0
3/12/2015 02:50:09.477,1.0537,1.0567,1.0497,1.0567,0
3/12/2015 03:18:33.717,1.0567,1.0597,1.0556,1.0597,0
3/12/2015 03:57:54.217,1.0597,1.0627,1.0582,1.0627,0
3/12/2015 08:30:10.603,1.0627,1.0657,1.0580,1.0657,0
3/12/2015 10:01:00.790,1.0627,1.0684,1.0597,1.0597,0
3/13/2015 02:35:33.017,1.0597,1.0646,1.0567,1.0567,0
3/13/2015 04:12:34.760,1.0597,1.0627,1.0565,1.0627,0
3/13/2015 07:58:39.077,1.0597,1.0635,1.0567,1.0567,0
3/13/2015 09:50:47.800,1.0567,1.0599,1.0537,1.0537,0
3/13/2015 10:05:06.293,1.0537,1.0540,1.0507,1.0507,0
3/13/2015 13:27:26.087,1.0507,1.0537,1.0477,1.0477,0
3/16/2015 02:02:30.963,1.0507,1.0537,1.0462,1.0537,0
3/16/2015 09:15:42.907,1.0537,1.0567,1.0498,1.0567,0
3/16/2015 09:53:18.393,1.0567,1.0597,1.0560,1.0597,0
3/17/2015 08:04:52.047,1.0597,1.0627,1.0551,1.0627,0
3/18/2015 12:43:35.107,1.0627,1.0657,1.0580,1.0657,0
3/18/2015 14:00:28.620,1.0657,1.0687,1.0614,1.0687,0
3/18/2015 14:00:41.620,1.0687,1.0717,1.0687,1.0717,0
3/18/2015 14:15:44.727,1.0717,1.0747,1.0659,1.0747,0
3/18/2015 14:21:00.743,1.0747,1.0777,1.0731,1.0777,0
3/18/2015 15:14:34.710,1.0777,1.0807,1.0721,1.0807,0
3/18/2015 15:59:59.837,1.0807,1.0837,1.0782,1.0837,0
3/18/2015 16:02:33.337,1.0837,1.0867,1.0834,1.0867,0
3/18/2015 16:03:29.553,1.0867,1.0897,1.0863,1.0897,0
3/18/2015 16:03:36.960,1.0897,1.0927,1.0896,1.0927,0
3/18/2015 16:04:40.697,1.0927,1.0957,1.0907,1.0957,0
3/18/2015 16:04:49.447,1.0957,1.0987,1.0957,1.0987,0
3/18/2015 16:04:56.757,1.0987,1.1017,1.0987,1.1017,0
3/18/2015 16:05:40.883,1.0987,1.1039,1.0957,1.0957,0
3/18/2015 16:09:47.587,1.0957,1.0991,1.0927,1.0927,0
3/18/2015 16:16:30.337,1.0927,1.0941,1.0897,1.0897,0
3/18/2015 16:38:16.617,1.0897,1.0936,1.0867,1.0867,0
3/18/2015 17:48:56.847,1.0867,1.0887,1.0837,1.0837,0
3/18/2015 20:28:26.103,1.0867,1.0897,1.0820,1.0897,0
3/18/2015 21:21:47.310,1.0867,1.0919,1.0837,1.0837,0
3/18/2015 22:48:02.550,1.0837,1.0854,1.0807,1.0807,0
3/18/2015 23:51:44.300,1.0807,1.0812,1.0777,1.0777,0
3/19/2015 03:17:13.513,1.0777,1.0795,1.0747,1.0747,0
3/19/2015 03:22:42.263,1.0747,1.0748,1.0717,1.0717,0
3/19/2015 03:38:40.263,1.0717,1.0721,1.0687,1.0687,0
3/19/2015 04:19:58.987,1.0687,1.0727,1.0657,1.0657,0
3/19/2015 07:38:18.213,1.0687,1.0717,1.0631,1.0717,0
3/19/2015 08:30:56.733,1.0687,1.0737,1.0657,1.0657,0
3/19/2015 11:48:47.917,1.0657,1.0687,1.0627,1.0627,0
3/19/2015 21:58:17.010,1.0657,1.0687,1.0613,1.0687,0
3/20/2015 07:48:34.993,1.0687,1.0717,1.0656,1.0717,0
3/20/2015 08:47:03.473,1.0717,1.0747,1.0710,1.0747,0
3/20/2015 09:11:26.713,1.0747,1.0777,1.0741,1.0777,0
3/20/2015 09:27:06.770,1.0777,1.0807,1.0775,1.0807,0
3/20/2015 12:33:12.883,1.0807,1.0837,1.0754,1.0837,0
3/20/2015 13:06:42.697,1.0837,1.0867,1.0829,1.0867,0
3/20/2015 15:13:24.917,1.0837,1.0882,1.0807,1.0807,0
3/23/2015 04:05:13.377,1.0807,1.0834,1.0777,1.0777,0
3/23/2015 05:30:08.363,1.0807,1.0837,1.0767,1.0837,0
3/23/2015 06:14:57.770,1.0837,1.0867,1.0810,1.0867,0
3/23/2015 07:35:36.750,1.0867,1.0897,1.0856,1.0897,0
3/23/2015 09:18:50.503,1.0897,1.0927,1.0875,1.0927,0
3/23/2015 15:31:08.333,1.0927,1.0957,1.0883,1.0957,0
3/24/2015 04:34:55.820,1.0957,1.0987,1.0904,1.0987,0
3/24/2015 08:46:19.977,1.0987,1.1017,1.0937,1.1017,0
3/24/2015 09:01:52.720,1.0987,1.1029,1.0957,1.0957,0
3/24/2015 09:16:30.763,1.0957,1.0981,1.0927,1.0927,0
3/24/2015 10:23:44.023,1.0927,1.0944,1.0897,1.0897,0
3/25/2015 04:08:10.170,1.0927,1.0957,1.0890,1.0957,0
3/25/2015 07:13:09.447,1.0957,1.0987,1.0943,1.0987,0
3/26/2015 04:04:58.447,1.0987,1.1017,1.0949,1.1017,0
3/26/2015 04:29:04.410,1.1017,1.1047,1.1013,1.1047,0
3/26/2015 08:39:31.870,1.1017,1.1052,1.0987,1.0987,0
3/26/2015 09:49:25.037,1.0987,1.0990,1.0957,1.0957,0
3/26/2015 10:06:09.720,1.0957,1.0967,1.0927,1.0927,0
3/26/2015 13:14:21.520,1.0927,1.0945,1.0897,1.0897,0
3/26/2015 13:36:17.237,1.0897,1.0900,1.0867,1.0867,0
3/27/2015 03:30:15.267,1.0867,1.0895,1.0837,1.0837,0
3/27/2015 03:50:31.297,1.0837,1.0844,1.0807,1.0807,0
3/27/2015 08:15:10.150,1.0837,1.0867,1.0801,1.0867,0
3/27/2015 12:00:23.600,1.0867,1.0897,1.0855,1.0897,0
3/27/2015 12:10:49.303,1.0897,1.0927,1.0881,1.0927,0
3/27/2015 16:59:58.223,1.0897,1.0948,1.0867,1.0867,0
3/30/2015 03:03:14.870,1.0867,1.0881,1.0837,1.0837,0
3/30/2015 23:45:13.953,1.0837,1.0871,1.0807,1.0807,0
3/31/2015 02:02:58.413,1.0807,1.0809,1.0777,1.0777,0
3/31/2015 03:56:38.927,1.0777,1.0793,1.0747,1.0747,0
3/31/2015 05:36:05.383,1.0747,1.0758,1.0717,1.0717,0
3/31/2015 21:10:10.547,1.0747,1.0777,1.0713,1.0777,0
4/2/2015 02:21:26.563,1.0777,1.0807,1.0719,1.0807,0
4/2/2015 03:09:12.023,1.0807,1.0837,1.0805,1.0837,0
4/2/2015 08:53:40.380,1.0837,1.0867,1.0802,1.0867,0
4/2/2015 09:49:17.983,1.0867,1.0897,1.0847,1.0897,0
4/3/2015 07:48:44.487,1.0897,1.0927,1.0864,1.0927,0
4/3/2015 08:30:04.960,1.0927,1.0957,1.0882,1.0957,0
4/3/2015 08:30:18.210,1.0957,1.0987,1.0957,1.0987,0
4/3/2015 09:00:21.437,1.0987,1.1017,1.0960,1.1017,0
4/6/2015 15:06:23.607,1.0987,1.1035,1.0957,1.0957,0
4/6/2015 15:06:31.857,1.0957,1.0958,1.0927,1.0927,0
4/7/2015 04:16:18.323,1.0927,1.0955,1.0897,1.0897,0
4/7/2015 04:30:06.817,1.0897,1.0897,1.0867,1.0867,0
4/7/2015 04:39:29.567,1.0867,1.0870,1.0837,1.0837,0
4/7/2015 16:09:01.393,1.0837,1.0885,1.0807,1.0807,0
4/8/2015 03:10:59.930,1.0837,1.0867,1.0803,1.0867,0
4/8/2015 10:52:38.810,1.0837,1.0888,1.0807,1.0807,0
4/8/2015 14:05:46.963,1.0807,1.0829,1.0777,1.0777,0
4/9/2015 03:24:45.683,1.0777,1.0807,1.0747,1.0747,0
4/9/2015 10:01:45.830,1.0747,1.0778,1.0717,1.0717,0
4/9/2015 10:33:45.790,1.0717,1.0728,1.0687,1.0687,0
4/9/2015 12:16:31.713,1.0687,1.0694,1.0657,1.0657,0
4/10/2015 03:09:25.237,1.0657,1.0684,1.0627,1.0627,0
4/10/2015 05:09:57.237,1.0627,1.0636,1.0597,1.0597,0
4/13/2015 03:55:43.583,1.0597,1.0636,1.0567,1.0567,0
4/13/2015 05:34:12.760,1.0567,1.0576,1.0537,1.0537,0
4/13/2015 09:14:59.947,1.0567,1.0597,1.0520,1.0597,0
4/14/2015 02:16:10.860,1.0567,1.0610,1.0537,1.0537,0
4/14/2015 08:30:20.513,1.0567,1.0597,1.0532,1.0597,0
4/14/2015 08:33:53.513,1.0597,1.0627,1.0588,1.0627,0
4/14/2015 09:00:12.280,1.0627,1.0657,1.0596,1.0657,0
4/14/2015 09:18:53.760,1.0657,1.0687,1.0655,1.0687,0
4/14/2015 20:16:18.540,1.0657,1.0707,1.0627,1.0627,0
4/15/2015 04:16:48.657,1.0627,1.0664,1.0597,1.0597,0
4/15/2015 09:29:54.510,1.0627,1.0657,1.0571,1.0657,0
4/15/2015 10:40:16.020,1.0627,1.0674,1.0597,1.0597,0
4/15/2015 13:07:34.230,1.0627,1.0657,1.0584,1.0657,0
4/15/2015 13:26:38.457,1.0657,1.0687,1.0643,1.0687,0
4/15/2015 20:13:26.847,1.0687,1.0717,1.0664,1.0717,0
4/16/2015 02:30:26.183,1.0687,1.0747,1.0657,1.0657,0
4/16/2015 03:51:24.153,1.0657,1.0685,1.0627,1.0627,0
4/16/2015 06:12:03.893,1.0657,1.0687,1.0625,1.0687,0
4/16/2015 06:43:24.893,1.0687,1.0717,1.0684,1.0717,0
4/16/2015 08:30:04.390,1.0717,1.0747,1.0707,1.0747,0
4/16/2015 10:54:15.280,1.0717,1.0768,1.0687,1.0687,0
4/16/2015 13:20:40.717,1.0717,1.0747,1.0685,1.0747,0
4/16/2015 13:46:07.707,1.0747,1.0777,1.0745,1.0777,0
4/16/2015 14:35:50.170,1.0777,1.0807,1.0774,1.0807,0
4/17/2015 02:48:22.187,1.0777,1.0818,1.0747,1.0747,0
4/17/2015 04:16:15.437,1.0777,1.0807,1.0738,1.0807,0
4/17/2015 06:14:41.170,1.0807,1.0837,1.0789,1.0837,0
4/17/2015 08:36:41.347,1.0807,1.0849,1.0777,1.0777,0
4/17/2015 08:56:12.090,1.0777,1.0791,1.0747,1.0747,0
4/17/2015 15:12:00.710,1.0777,1.0807,1.0734,1.0807,0
4/20/2015 05:03:47.333,1.0777,1.0823,1.0747,1.0747,0
4/20/2015 08:16:09.987,1.0747,1.0762,1.0717,1.0717,0
4/21/2015 02:43:04.400,1.0717,1.0768,1.0687,1.0687,0
4/21/2015 10:48:25.997,1.0717,1.0747,1.0660,1.0747,0
4/21/2015 12:17:55.210,1.0747,1.0777,1.0732,1.0777,0
4/21/2015 20:35:57.267,1.0747,1.0781,1.0717,1.0717,0
4/22/2015 04:43:48.597,1.0747,1.0777,1.0717,1.0777,0
4/22/2015 08:50:44.303,1.0747,1.0801,1.0717,1.0717,0
4/23/2015 02:36:23.680,1.0717,1.0749,1.0687,1.0687,0
4/23/2015 05:58:26.627,1.0717,1.0747,1.0666,1.0747,0
4/23/2015 08:17:41.797,1.0747,1.0777,1.0732,1.0777,0
4/23/2015 10:46:30.750,1.0777,1.0807,1.0733,1.0807,0
4/23/2015 13:04:54.707,1.0807,1.0837,1.0786,1.0837,0
4/24/2015 02:40:24.477,1.0837,1.0867,1.0785,1.0867,0
4/24/2015 04:31:00.667,1.0867,1.0897,1.0856,1.0897,0
4/24/2015 06:07:18.380,1.0867,1.0900,1.0837,1.0837,0
4/24/2015 10:06:55.773,1.0837,1.0874,1.0807,1.0807,0
4/24/2015 10:58:12.753,1.0837,1.0867,1.0805,1.0867,0
4/27/2015 11:11:01.303,1.0867,1.0897,1.0819,1.0897,0
4/28/2015 06:11:55.633,1.0897,1.0927,1.0860,1.0927,0
4/28/2015 10:00:01.297,1.0927,1.0957,1.0918,1.0957,0
4/28/2015 11:01:07.757,1.0957,1.0987,1.0945,1.0987,0
4/29/2015 08:29:56.853,1.0987,1.1017,1.0960,1.1017,0
4/29/2015 08:37:41.617,1.1017,1.1047,1.1017,1.1047,0
4/29/2015 09:33:09.593,1.1047,1.1077,1.1006,1.1077,0
4/29/2015 10:18:08.827,1.1077,1.1107,1.1049,1.1107,0
4/29/2015 10:20:22.327,1.1107,1.1137,1.1107,1.1137,0
4/29/2015 11:00:57.560,1.1137,1.1167,1.1114,1.1167,0
4/29/2015 14:01:24.990,1.1137,1.1188,1.1107,1.1107,0
4/29/2015 14:19:30.483,1.1107,1.1146,1.1077,1.1077,0
4/30/2015 03:27:44.740,1.1107,1.1137,1.1072,1.1137,0
4/30/2015 03:41:33.987,1.1137,1.1167,1.1137,1.1167,0
4/30/2015 03:55:00.980,1.1167,1.1197,1.1162,1.1197,0
4/30/2015 03:58:08.227,1.1197,1.1227,1.1196,1.1227,0
4/30/2015 05:59:39.917,1.1197,1.1249,1.1167,1.1167,0
4/30/2015 09:20:45.383,1.1167,1.1220,1.1137,1.1137,0
4/30/2015 10:57:55.830,1.1167,1.1197,1.1116,1.1197,0
4/30/2015 14:49:27.517,1.1197,1.1227,1.1157,1.1227,0
4/30/2015 14:59:19.777,1.1227,1.1257,1.1227,1.1257,0
5/1/2015 10:00:15.647,1.1257,1.1287,1.1200,1.1287,0
5/1/2015 10:09:06.893,1.1257,1.1290,1.1227,1.1227,0
5/1/2015 11:18:14.867,1.1227,1.1241,1.1197,1.1197,0
5/4/2015 03:02:45.883,1.1197,1.1225,1.1167,1.1167,0
5/4/2015 04:08:25.603,1.1167,1.1175,1.1137,1.1137,0
5/5/2015 02:25:51.420,1.1137,1.1190,1.1107,1.1107,0
5/5/2015 04:18:18.370,1.1107,1.1114,1.1077,1.1077,0
5/5/2015 07:11:19.607,1.1107,1.1137,1.1066,1.1137,0
5/5/2015 08:52:40.317,1.1137,1.1167,1.1109,1.1167,0
5/5/2015 10:43:32.780,1.1167,1.1197,1.1118,1.1197,0
5/5/2015 23:19:23.090,1.1197,1.1227,1.1171,1.1227,0
5/6/2015 02:39:59.017,1.1227,1.1257,1.1220,1.1257,0
5/6/2015 08:51:47.913,1.1257,1.1287,1.1202,1.1287,0
5/6/2015 09:51:33.163,1.1287,1.1317,1.1269,1.1317,0
5/6/2015 10:11:07.913,1.1317,1.1347,1.1316,1.1347,0
5/7/2015 03:23:46.600,1.1347,1.1377,1.1317,1.1377,0
5/7/2015 07:46:58.787,1.1347,1.1392,1.1317,1.1317,0
5/7/2015 08:17:42.787,1.1317,1.1322,1.1287,1.1287,0
5/7/2015 10:04:42.757,1.1287,1.1310,1.1257,1.1257,0
5/7/2015 22:25:03.283,1.1257,1.1290,1.1227,1.1227,0
5/8/2015 02:02:16.987,1.1227,1.1230,1.1197,1.1197,0
5/8/2015 08:29:51.610,1.1227,1.1257,1.1182,1.1257,0
5/8/2015 08:29:55.093,1.1257,1.1287,1.1257,1.1287,0
5/8/2015 08:34:21.610,1.1257,1.1289,1.1227,1.1227,0
5/8/2015 08:37:01.610,1.1227,1.1236,1.1197,1.1197,0
5/8/2015 08:50:09.110,1.1227,1.1257,1.1179,1.1257,0
5/8/2015 10:30:38.080,1.1227,1.1276,1.1197,1.1197,0
5/8/2015 16:59:59.717,1.1197,1.1257,1.1167,1.1167,0
5/11/2015 01:55:41.037,1.1167,1.1167,1.1137,1.1137,0
5/12/2015 02:37:08.847,1.1167,1.1197,1.1131,1.1197,0
5/12/2015 03:18:31.097,1.1197,1.1227,1.1176,1.1227,0
5/12/2015 04:46:20.817,1.1227,1.1257,1.1214,1.1257,0
5/13/2015 08:37:19.240,1.1257,1.1287,1.1203,1.1287,0
5/13/2015 08:45:25.983,1.1287,1.1317,1.1280,1.1317,0
5/13/2015 10:11:13.240,1.1317,1.1347,1.1302,1.1347,0
5/13/2015 11:50:54.967,1.1347,1.1377,1.1330,1.1377,0
5/14/2015 02:47:07.743,1.1377,1.1407,1.1340,1.1407,0
5/14/2015 06:47:35.433,1.1407,1.1437,1.1375,1.1437,0
5/14/2015 10:52:23.093,1.1407,1.1445,1.1377,1.1377,0
5/14/2015 11:26:41.343,1.1377,1.1385,1.1347,1.1347,0
5/14/2015 15:50:14.520,1.1377,1.1407,1.1344,1.1407,0
5/15/2015 05:25:39.057,1.1377,1.1421,1.1347,1.1347,0
5/15/2015 10:12:25.230,1.1377,1.1407,1.1324,1.1407,0
5/15/2015 10:33:51.967,1.1407,1.1437,1.1398,1.1437,0
5/18/2015 04:08:39.383,1.1407,1.1467,1.1377,1.1377,0
5/18/2015 09:45:36.787,1.1377,1.1424,1.1347,1.1347,0
5/18/2015 13:57:18.720,1.1347,1.1370,1.1317,1.1317,0
5/18/2015 21:51:57.317,1.1317,1.1326,1.1287,1.1287,0
5/19/2015 03:02:00.207,1.1287,1.1321,1.1257,1.1257,0
5/19/2015 03:05:56.720,1.1257,1.1261,1.1227,1.1227,0
5/19/2015 03:20:03.967,1.1227,1.1240,1.1197,1.1197,0
5/19/2015 03:41:50.207,1.1197,1.1212,1.1167,1.1167,0
5/19/2015 08:50:20.870,1.1167,1.1217,1.1137,1.1137,0
5/20/2015 01:59:21.540,1.1137,1.1167,1.1107,1.1107,0
5/20/2015 02:44:33.537,1.1107,1.1116,1.1077,1.1077,0
5/20/2015 08:29:23.937,1.1107,1.1137,1.1063,1.1137,0
5/20/2015 11:53:48.623,1.1107,1.1145,1.1077,1.1077,0
5/20/2015 14:00:26.090,1.1107,1.1137,1.1076,1.1137,0
5/20/2015 14:03:03.587,1.1107,1.1141,1.1077,1.1077,0
5/20/2015 14:13:38.333,1.1107,1.1137,1.1070,1.1137,0
5/21/2015 04:24:34.813,1.1137,1.1167,1.1080,1.1167,0
5/21/2015 09:50:53.217,1.1137,1.1181,1.1107,1.1107,0
5/22/2015 02:09:32.173,1.1137,1.1167,1.1101,1.1167,0
5/22/2015 06:06:39.567,1.1167,1.1197,1.1146,1.1197,0
5/22/2015 08:29:57.043,1.1167,1.1208,1.1137,1.1137,0
5/22/2015 08:36:09.807,1.1137,1.1137,1.1107,1.1107,0
5/22/2015 08:46:43.053,1.1107,1.1117,1.1077,1.1077,0
5/22/2015 09:02:00.797,1.1077,1.1092,1.1047,1.1047,0
5/22/2015 09:39:16.783,1.1047,1.1057,1.1017,1.1017,0
5/22/2015 16:59:43.637,1.1017,1.1043,1.0987,1.0987,0
5/25/2015 20:01:28.033,1.0987,1.1008,1.0957,1.0957,0
5/26/2015 02:00:18.467,1.0957,1.0966,1.0927,1.0927,0
5/26/2015 02:54:15.967,1.0927,1.0940,1.0897,1.0897,0
5/26/2015 15:02:22.040,1.0897,1.0940,1.0867,1.0867,0
5/27/2015 02:48:36.580,1.0897,1.0927,1.0863,1.0927,0
5/27/2015 07:51:49.537,1.0897,1.0929,1.0867,1.0867,0
5/27/2015 08:35:10.543,1.0867,1.0879,1.0837,1.0837,0
5/27/2015 10:18:22.253,1.0867,1.0897,1.0819,1.0897,0
5/28/2015 02:15:58.267,1.0897,1.0927,1.0862,1.0927,0
5/28/2015 10:00:18.147,1.0897,1.0951,1.0867,1.0867,0
5/28/2015 12:48:52.340,1.0897,1.0927,1.0867,1.0927,0
5/28/2015 14:59:41.807,1.0927,1.0957,1.0924,1.0957,0
5/29/2015 05:43:48.343,1.0957,1.0987,1.0926,1.0987,0
6/1/2015 03:22:23.627,1.0957,1.1006,1.0927,1.0927,0
6/1/2015 04:38:16.127,1.0927,1.0928,1.0897,1.0897,0
6/1/2015 08:30:11.590,1.0927,1.0957,1.0891,1.0957,0
6/1/2015 10:59:04.283,1.0927,1.0979,1.0897,1.0897,0
6/2/2015 02:54:00.833,1.0927,1.0957,1.0887,1.0957,0
6/2/2015 03:16:17.073,1.0957,1.0987,1.0950,1.0987,0
6/2/2015 06:24:22.797,1.0987,1.1017,1.0946,1.1017,0
6/2/2015 07:24:41.517,1.1017,1.1047,1.1017,1.1047,0
6/2/2015 09:00:07.740,1.1047,1.1077,1.1024,1.1077,0
6/2/2015 09:06:14.490,1.1077,1.1107,1.1076,1.1107,0
6/2/2015 09:15:29.227,1.1107,1.1137,1.1104,1.1137,0
6/2/2015 09:16:06.507,1.1137,1.1167,1.1137,1.1167,0
6/2/2015 09:33:00.490,1.1137,1.1194,1.1107,1.1107,0
6/2/2015 12:32:38.687,1.1137,1.1167,1.1104,1.1167,0
6/3/2015 05:08:11.470,1.1137,1.1190,1.1107,1.1107,0
6/3/2015 09:12:18.183,1.1137,1.1167,1.1079,1.1167,0
6/3/2015 09:32:17.893,1.1167,1.1197,1.1159,1.1197,0
6/3/2015 09:34:39.410,1.1197,1.1227,1.1197,1.1227,0
6/3/2015 10:08:22.410,1.1227,1.1257,1.1192,1.1257,0
6/4/2015 04:09:19.650,1.1257,1.1287,1.1230,1.1287,0
6/4/2015 04:13:13.150,1.1287,1.1317,1.1283,1.1317,0
6/4/2015 04:34:58.387,1.1317,1.1347,1.1300,1.1347,0
6/4/2015 04:42:06.400,1.1347,1.1377,1.1340,1.1377,0
6/4/2015 08:07:57.347,1.1347,1.1380,1.1317,1.1317,0
6/4/2015 08:41:53.830,1.1317,1.1329,1.1287,1.1287,0
6/4/2015 09:17:32.330,1.1287,1.1306,1.1257,1.1257,0
6/4/2015 12:47:37.027,1.1287,1.1317,1.1239,1.1317,0
6/4/2015 13:43:29.500,1.1287,1.1318,1.1257,1.1257,0
6/4/2015 13:55:52.767,1.1257,1.1258,1.1227,1.1227,0
6/4/2015 19:02:08.917,1.1227,1.1256,1.1197,1.1197,0
6/5/2015 03:01:18.330,1.1227,1.1257,1.1180,1.1257,0
6/5/2015 08:29:55.470,1.1227,1.1280,1.1197,1.1197,0
6/5/2015 08:30:04.500,1.1197,1.1197,1.1167,1.1167,0
6/5/2015 08:30:06.987,1.1167,1.1167,1.1137,1.1137,0
6/5/2015 08:37:31.483,1.1137,1.1152,1.1107,1.1107,0
6/5/2015 08:40:13.733,1.1107,1.1110,1.1077,1.1077,0
6/8/2015 02:53:13.223,1.1107,1.1137,1.1049,1.1137,0
6/8/2015 03:12:07.950,1.1137,1.1167,1.1128,1.1167,0
6/8/2015 08:37:23.373,1.1167,1.1197,1.1115,1.1197,0
6/8/2015 11:42:17.833,1.1197,1.1227,1.1176,1.1227,0
6/8/2015 13:10:00.033,1.1227,1.1257,1.1227,1.1257,0
6/8/2015 14:13:45.790,1.1257,1.1287,1.1249,1.1287,0
6/8/2015 21:42:25.193,1.1287,1.1317,1.1269,1.1317,0
6/9/2015 03:38:13.340,1.1287,1.1345,1.1257,1.1257,0
6/9/2015 08:38:30.753,1.1257,1.1311,1.1227,1.1227,0
6/9/2015 11:56:54.003,1.1257,1.1287,1.1214,1.1287,0
6/10/2015 01:57:08.783,1.1287,1.1317,1.1260,1.1317,0
6/10/2015 03:18:59.300,1.1317,1.1347,1.1276,1.1347,0
6/10/2015 04:06:23.067,1.1347,1.1377,1.1336,1.1377,0
6/10/2015 04:44:03.753,1.1347,1.1386,1.1317,1.1317,0
6/10/2015 06:41:04.477,1.1317,1.1336,1.1287,1.1287,0
6/10/2015 11:15:08.690,1.1317,1.1347,1.1260,1.1347,0
6/10/2015 12:18:17.163,1.1317,1.1351,1.1287,1.1287,0
6/11/2015 03:55:13.930,1.1287,1.1332,1.1257,1.1257,0
6/11/2015 08:05:56.587,1.1257,1.1284,1.1227,1.1227,0
6/11/2015 08:29:57.823,1.1227,1.1237,1.1197,1.1197,0
6/11/2015 08:43:44.837,1.1227,1.1257,1.1182,1.1257,0
6/12/2015 04:49:03.290,1.1227,1.1278,1.1197,1.1197,0
6/12/2015 04:51:12.290,1.1197,1.1198,1.1167,1.1167,0
6/12/2015 08:20:36.470,1.1197,1.1227,1.1151,1.1227,0
6/12/2015 10:39:32.707,1.1227,1.1257,1.1210,1.1257,0
6/12/2015 11:13:24.457,1.1257,1.1287,1.1248,1.1287,0
6/12/2015 16:59:59.357,1.1257,1.1297,1.1227,1.1227,0
6/15/2015 01:24:44.790,1.1227,1.1227,1.1197,1.1197,0
6/15/2015 04:11:11.253,1.1227,1.1257,1.1189,1.1257,0
6/15/2015 14:49:12.617,1.1257,1.1287,1.1204,1.1287,0
6/16/2015 02:58:41.470,1.1287,1.1317,1.1259,1.1317,0
6/16/2015 04:41:02.680,1.1287,1.1330,1.1257,1.1257,0
6/16/2015 08:01:31.373,1.1257,1.1271,1.1227,1.1227,0
6/17/2015 04:14:52.387,1.1257,1.1287,1.1205,1.1287,0
6/17/2015 10:46:28.780,1.1257,1.1292,1.1227,1.1227,0
6/17/2015 14:00:57.497,1.1257,1.1287,1.1206,1.1287,0
6/17/2015 14:15:30.740,1.1287,1.1317,1.1255,1.1317,0
6/17/2015 15:11:44.747,1.1317,1.1347,1.1277,1.1347,0
6/18/2015 03:52:49.540,1.1347,1.1377,1.1329,1.1377,0
6/18/2015 04:14:05.033,1.1377,1.1407,1.1369,1.1407,0
6/18/2015 12:37:48.453,1.1377,1.1436,1.1347,1.1347,0
6/19/2015 03:02:33.970,1.1347,1.1397,1.1317,1.1317,0
6/19/2015 16:59:57.757,1.1347,1.1377,1.1292,1.1377,0
6/22/2015 04:02:48.860,1.1347,1.1403,1.1317,1.1317,0
6/22/2015 09:03:57.543,1.1347,1.1377,1.1312,1.1377,0
6/22/2015 11:13:39.253,1.1377,1.1407,1.1349,1.1407,0
6/22/2015 12:16:45.977,1.1377,1.1410,1.1347,1.1347,0
6/22/2015 22:06:08.093,1.1347,1.1366,1.1317,1.1317,0
6/22/2015 22:41:22.347,1.1317,1.1318,1.1287,1.1287,0
6/22/2015 22:55:29.073,1.1287,1.1287,1.1257,1.1257,0
6/23/2015 05:52:06.230,1.1257,1.1283,1.1227,1.1227,0
6/23/2015 08:05:39.953,1.1227,1.1238,1.1197,1.1197,0
6/23/2015 08:44:51.937,1.1197,1.1208,1.1167,1.1167,0
6/23/2015 09:22:12.440,1.1167,1.1175,1.1137,1.1137,0
6/23/2015 11:33:48.170,1.1167,1.1197,1.1135,1.1197,0
6/24/2015 04:32:33.900,1.1197,1.1227,1.1153,1.1227,0
6/25/2015 05:25:57.530,1.1197,1.1235,1.1167,1.1167,0
6/26/2015 10:59:40.797,1.1167,1.1225,1.1137,1.1137,0
6/26/2015 16:59:59.420,1.1137,1.1176,1.1107,1.1107,0
6/29/2015 00:00:21.213,1.1107,1.1107,1.1077,1.1077,0
6/29/2015 00:00:21.213,1.1077,1.1077,1.1047,1.1047,0
6/29/2015 00:00:21.213,1.1047,1.1047,1.1017,1.1017,0
6/29/2015 01:51:13.177,1.1017,1.1028,1.0987,1.0987,0
6/29/2015 02:29:09.943,1.1017,1.1047,1.0985,1.1047,0
6/29/2015 02:29:54.427,1.1047,1.1077,1.1043,1.1077,0
6/29/2015 02:39:03.693,1.1077,1.1107,1.1061,1.1107,0
6/29/2015 06:55:58.130,1.1107,1.1137,1.1058,1.1137,0
6/29/2015 10:43:34.600,1.1137,1.1167,1.1103,1.1167,0
6/29/2015 11:30:07.100,1.1167,1.1197,1.1145,1.1197,0
6/29/2015 13:34:37.070,1.1197,1.1227,1.1173,1.1227,0
6/29/2015 13:34:44.070,1.1227,1.1257,1.1227,1.1257,0
6/29/2015 20:58:54.673,1.1227,1.1279,1.1197,1.1197,0
6/30/2015 02:43:00.347,1.1197,1.1203,1.1167,1.1167,0
6/30/2015 04:56:29.823,1.1167,1.1201,1.1137,1.1137,0
6/30/2015 06:05:51.037,1.1167,1.1197,1.1134,1.1197,0
6/30/2015 09:02:36.233,1.1197,1.1227,1.1163,1.1227,0
6/30/2015 10:57:29.937,1.1197,1.1244,1.1167,1.1167,0
6/30/2015 11:00:34.203,1.1167,1.1167,1.1137,1.1137,0
7/1/2015 03:23:04.730,1.1137,1.1163,1.1107,1.1107,0
7/1/2015 05:12:11.173,1.1137,1.1167,1.1095,1.1167,0
7/1/2015 06:22:24.427,1.1137,1.1172,1.1107,1.1107,0
7/1/2015 08:27:58.130,1.1107,1.1118,1.1077,1.1077,0
7/1/2015 14:29:31.293,1.1077,1.1110,1.1047,1.1047,0
7/2/2015 08:30:04.327,1.1077,1.1107,1.1032,1.1107,0
7/3/2015 16:59:00.103,1.1077,1.1121,1.1047,1.1047,0
7/6/2015 01:08:47.133,1.1047,1.1047,1.1017,1.1017,0
7/6/2015 01:55:27.857,1.1047,1.1077,1.1011,1.1077,0
7/6/2015 07:54:59.307,1.1047,1.1095,1.1017,1.1017,0
7/6/2015 11:42:34.983,1.1047,1.1077,1.1002,1.1077,0
7/7/2015 03:42:09.047,1.1047,1.1091,1.1017,1.1017,0
7/7/2015 04:24:17.047,1.1017,1.1017,1.0987,1.0987,0
7/7/2015 06:33:19.240,1.0987,1.0997,1.0957,1.0957,0
7/7/2015 08:13:52.467,1.0957,1.0988,1.0927,1.0927,0
7/7/2015 15:11:53.640,1.0957,1.0987,1.0916,1.0987,0
7/7/2015 15:29:05.890,1.0987,1.1017,1.0985,1.1017,0
7/7/2015 15:29:14.763,1.1017,1.1047,1.1017,1.1047,0
7/7/2015 21:14:48.547,1.1017,1.1051,1.0987,1.0987,0
7/8/2015 03:55:21.687,1.1017,1.1047,1.0974,1.1047,0
7/8/2015 11:09:24.127,1.1047,1.1077,1.1006,1.1077,0
7/9/2015 01:18:52.330,1.1077,1.1107,1.1040,1.1107,0
7/9/2015 03:40:03.567,1.1077,1.1125,1.1047,1.1047,0
7/9/2015 12:09:30.957,1.1047,1.1069,1.1017,1.1017,0
7/9/2015 18:28:32.103,1.1047,1.1077,1.0991,1.1077,0
7/10/2015 01:47:07.280,1.1077,1.1107,1.1055,1.1107,0
7/10/2015 05:15:16.727,1.1107,1.1137,1.1079,1.1137,0
7/10/2015 05:33:54.953,1.1137,1.1167,1.1137,1.1167,0
7/10/2015 06:54:59.717,1.1167,1.1197,1.1156,1.1197,0
7/10/2015 11:34:18.897,1.1167,1.1216,1.1137,1.1137,0
7/13/2015 03:46:39.317,1.1137,1.1197,1.1107,1.1107,0
7/13/2015 04:02:13.317,1.1107,1.1119,1.1077,1.1077,0
7/13/2015 08:07:36.480,1.1077,1.1086,1.1047,1.1047,0
7/13/2015 10:49:58.457,1.1047,1.1066,1.1017,1.1017,0
7/13/2015 19:49:03.067,1.1017,1.1032,1.0987,1.0987,0
7/14/2015 08:29:57.380,1.1017,1.1047,1.0966,1.1047,0
7/14/2015 08:30:03.723,1.1047,1.1077,1.1047,1.1077,0
7/14/2015 10:18:42.897,1.1047,1.1084,1.1017,1.1017,0
7/15/2015 01:26:13.170,1.1017,1.1019,1.0987,1.0987,0
7/15/2015 09:20:42.317,1.0987,1.1036,1.0957,1.0957,0
7/15/2015 21:34:27.157,1.0957,1.0973,1.0927,1.0927,0
7/16/2015 03:56:52.070,1.0927,1.0949,1.0897,1.0897,0
7/16/2015 08:06:03.493,1.0897,1.0919,1.0867,1.0867,0
7/17/2015 16:17:49.527,1.0867,1.0926,1.0837,1.0837,0
7/21/2015 09:56:38.393,1.0867,1.0897,1.0808,1.0897,0
7/21/2015 10:50:01.407,1.0897,1.0927,1.0891,1.0927,0
7/21/2015 12:58:47.580,1.0927,1.0957,1.0917,1.0957,0
7/22/2015 08:21:28.510,1.0927,1.0968,1.0897,1.0897,0
7/23/2015 03:28:02.173,1.0927,1.0957,1.0870,1.0957,0
7/23/2015 03:36:02.423,1.0957,1.0987,1.0955,1.0987,0
7/23/2015 08:16:49.623,1.0987,1.1017,1.0970,1.1017,0
7/23/2015 09:11:17.113,1.0987,1.1018,1.0957,1.0957,0
7/24/2015 07:55:04.057,1.0957,1.1016,1.0927,1.0927,0
7/24/2015 11:14:54.740,1.0957,1.0987,1.0925,1.0987,0
7/27/2015 02:16:36.697,1.0987,1.1017,1.0963,1.1017,0
7/27/2015 03:11:38.677,1.1017,1.1047,1.1015,1.1047,0
7/27/2015 03:24:02.157,1.1047,1.1077,1.1041,1.1077,0
7/27/2015 04:00:21.187,1.1077,1.1107,1.1067,1.1107,0
7/28/2015 06:07:22.807,1.1077,1.1129,1.1047,1.1047,0
7/29/2015 11:06:13.093,1.1047,1.1084,1.1017,1.1017,0
7/29/2015 14:00:29.573,1.1047,1.1077,1.1011,1.1077,0
7/29/2015 14:06:39.323,1.1047,1.1079,1.1017,1.1017,0
7/29/2015 15:07:47.797,1.1017,1.1041,1.0987,1.0987,0
7/30/2015 02:08:27.877,1.0987,1.0992,1.0957,1.0957,0
7/30/2015 08:30:47.077,1.0957,1.0985,1.0927,1.0927,0
7/30/2015 12:25:30.257,1.0927,1.0961,1.0897,1.0897,0
7/31/2015 02:09:38.317,1.0927,1.0957,1.0893,1.0957,0
7/31/2015 06:28:50.250,1.0957,1.0987,1.0921,1.0987,0
7/31/2015 08:30:06.230,1.0987,1.1017,1.0959,1.1017,0
7/31/2015 08:30:56.433,1.1017,1.1047,1.1011,1.1047,0
7/31/2015 08:40:53.683,1.1047,1.1077,1.1033,1.1077,0
7/31/2015 09:14:03.683,1.1077,1.1107,1.1047,1.1107,0
7/31/2015 10:59:51.643,1.1077,1.1114,1.1047,1.1047,0
7/31/2015 12:46:40.867,1.1047,1.1052,1.1017,1.1017,0
7/31/2015 14:31:36.107,1.1017,1.1018,1.0987,1.0987,0
8/3/2015 04:14:24.260,1.0987,1.0996,1.0957,1.0957,0
8/4/2015 13:41:34.797,1.0957,1.0989,1.0927,1.0927,0
8/4/2015 14:07:50.813,1.0927,1.0933,1.0897,1.0897,0
8/4/2015 21:14:40.947,1.0897,1.0910,1.0867,1.0867,0
8/5/2015 08:15:02.617,1.0897,1.0927,1.0848,1.0927,0
8/5/2015 10:08:00.780,1.0897,1.0938,1.0867,1.0867,0
8/5/2015 20:24:12.650,1.0897,1.0927,1.0850,1.0927,0
8/7/2015 08:28:46.623,1.0927,1.0957,1.0873,1.0957,0
8/7/2015 08:30:51.373,1.0927,1.0974,1.0897,1.0897,0
8/7/2015 08:36:59.620,1.0897,1.0899,1.0867,1.0867,0
8/7/2015 10:40:39.323,1.0897,1.0927,1.0855,1.0927,0
8/7/2015 11:47:10.830,1.0927,1.0957,1.0926,1.0957,0
8/10/2015 11:26:30.697,1.0957,1.0987,1.0925,1.0987,0
8/10/2015 12:39:34.947,1.0987,1.1017,1.0984,1.1017,0
8/11/2015 04:19:51.220,1.1017,1.1047,1.0961,1.1047,0
8/11/2015 09:16:33.397,1.1047,1.1077,1.1019,1.1077,0
8/11/2015 12:49:34.833,1.1047,1.1088,1.1017,1.1017,0
8/12/2015 01:05:39.670,1.1047,1.1077,1.1011,1.1077,0
8/12/2015 03:37:21.133,1.1077,1.1107,1.1070,1.1107,0
8/12/2015 04:08:07.633,1.1107,1.1137,1.1104,1.1137,0
8/12/2015 08:20:18.280,1.1137,1.1167,1.1123,1.1167,0
8/12/2015 10:56:37.500,1.1167,1.1197,1.1142,1.1197,0
8/12/2015 22:00:03.063,1.1167,1.1214,1.1137,1.1137,0
8/13/2015 03:38:54.723,1.1137,1.1154,1.1107,1.1107,0
8/14/2015 03:13:17.317,1.1137,1.1167,1.1080,1.1167,0
8/14/2015 10:58:11.927,1.1137,1.1189,1.1107,1.1107,0
8/17/2015 03:05:32.077,1.1107,1.1139,1.1077,1.1077,0
8/18/2015 08:35:36.827,1.1077,1.1125,1.1047,1.1047,0
8/18/2015 11:36:58.060,1.1047,1.1052,1.1017,1.1017,0
8/19/2015 13:44:25.847,1.1047,1.1077,1.1017,1.1077,0
8/19/2015 13:51:10.097,1.1077,1.1107,1.1072,1.1107,0
8/19/2015 20:13:31.300,1.1107,1.1137,1.1094,1.1137,0
8/20/2015 05:41:21.460,1.1137,1.1167,1.1107,1.1167,0
8/20/2015 10:27:08.650,1.1167,1.1197,1.1152,1.1197,0
8/20/2015 16:04:18.133,1.1197,1.1227,1.1183,1.1227,0
8/20/2015 22:26:19.060,1.1227,1.1257,1.1227,1.1257,0
8/20/2015 23:04:58.300,1.1257,1.1287,1.1255,1.1287,0
8/21/2015 10:45:52.690,1.1287,1.1317,1.1241,1.1317,0
8/21/2015 11:14:09.940,1.1317,1.1347,1.1311,1.1347,0
8/21/2015 16:43:05.317,1.1347,1.1377,1.1336,1.1377,0
8/21/2015 16:59:58.317,1.1377,1.1407,1.1377,1.1407,0
8/24/2015 00:00:00.277,1.1407,1.1437,1.1407,1.1437,0
8/24/2015 01:13:36.483,1.1437,1.1467,1.1437,1.1467,0
8/24/2015 04:07:11.737,1.1467,1.1497,1.1420,1.1497,0
8/24/2015 07:44:14.207,1.1497,1.1527,1.1457,1.1527,0
8/24/2015 08:46:35.960,1.1527,1.1557,1.1489,1.1557,0
8/24/2015 09:02:16.953,1.1557,1.1587,1.1546,1.1587,0
8/24/2015 09:09:36.433,1.1587,1.1617,1.1576,1.1617,0
8/24/2015 09:10:37.450,1.1617,1.1647,1.1612,1.1647,0
8/24/2015 09:11:34.700,1.1647,1.1677,1.1645,1.1677,0
8/24/2015 09:11:58.700,1.1677,1.1707,1.1677,1.1707,0
8/24/2015 09:16:04.197,1.1677,1.1714,1.1647,1.1647,0
8/24/2015 10:08:00.677,1.1647,1.1705,1.1617,1.1617,0
8/24/2015 10:10:05.927,1.1617,1.1618,1.1587,1.1587,0
8/24/2015 12:36:57.673,1.1587,1.1630,1.1557,1.1557,0
8/24/2015 12:59:51.150,1.1557,1.1572,1.1527,1.1527,0
8/24/2015 14:18:01.413,1.1557,1.1587,1.1518,1.1587,0
8/24/2015 16:33:36.620,1.1587,1.1617,1.1550,1.1617,0
8/24/2015 20:10:40.087,1.1587,1.1622,1.1557,1.1557,0
8/24/2015 22:31:32.310,1.1557,1.1582,1.1527,1.1527,0
8/25/2015 06:22:51.000,1.1527,1.1578,1.1497,1.1497,0
8/25/2015 06:45:24.493,1.1497,1.1505,1.1467,1.1467,0
8/25/2015 10:40:15.230,1.1467,1.1519,1.1437,1.1437,0
8/25/2015 11:02:22.207,1.1437,1.1440,1.1407,1.1407,0
8/25/2015 15:34:02.907,1.1437,1.1467,1.1396,1.1467,0
8/25/2015 15:48:21.150,1.1467,1.1497,1.1461,1.1497,0
8/25/2015 16:30:24.160,1.1497,1.1527,1.1475,1.1527,0
8/25/2015 19:54:40.650,1.1527,1.1557,1.1505,1.1557,0
8/26/2015 00:43:11.077,1.1527,1.1561,1.1497,1.1497,0
8/26/2015 02:09:22.567,1.1497,1.1500,1.1467,1.1467,0
8/26/2015 06:40:50.783,1.1467,1.1520,1.1437,1.1437,0
8/26/2015 07:54:13.017,1.1437,1.1442,1.1407,1.1407,0
8/26/2015 08:30:06.767,1.1407,1.1415,1.1377,1.1377,0
8/26/2015 10:49:52.750,1.1407,1.1437,1.1352,1.1437,0
8/26/2015 12:06:59.487,1.1407,1.1438,1.1377,1.1377,0
8/26/2015 14:51:36.973,1.1377,1.1400,1.1347,1.1347,0
8/26/2015 16:32:28.197,1.1347,1.1351,1.1317,1.1317,0
8/27/2015 04:53:11.387,1.1317,1.1364,1.1287,1.1287,0
8/27/2015 08:30:40.330,1.1287,1.1308,1.1257,1.1257,0
8/27/2015 09:09:47.080,1.1257,1.1264,1.1227,1.1227,0
8/28/2015 03:24:18.637,1.1257,1.1287,1.1203,1.1287,0
8/28/2015 10:20:18.827,1.1257,1.1310,1.1227,1.1227,0
8/28/2015 11:34:17.857,1.1227,1.1236,1.1197,1.1197,0
8/28/2015 11:51:01.827,1.1197,1.1207,1.1167,1.1167,0
8/28/2015 16:59:45.260,1.1197,1.1227,1.1156,1.1227,0
8/31/2015 00:17:37.767,1.1227,1.1257,1.1227,1.1257,0
8/31/2015 05:24:23.717,1.1227,1.1262,1.1197,1.1197,0
8/31/2015 21:58:04.783,1.1227,1.1257,1.1180,1.1257,0
9/1/2015 02:04:42.990,1.1257,1.1287,1.1256,1.1287,0
9/1/2015 03:43:45.997,1.1287,1.1317,1.1263,1.1317,0
9/1/2015 05:45:33.973,1.1287,1.1332,1.1257,1.1257,0
9/1/2015 16:41:14.877,1.1287,1.1317,1.1233,1.1317,0
9/2/2015 03:16:34.540,1.1287,1.1319,1.1257,1.1257,0
9/2/2015 09:21:25.717,1.1257,1.1294,1.1227,1.1227,0
9/3/2015 08:33:04.150,1.1227,1.1250,1.1197,1.1197,0
9/3/2015 08:37:19.557,1.1197,1.1223,1.1167,1.1167,0
9/3/2015 08:41:55.053,1.1167,1.1169,1.1137,1.1137,0
9/3/2015 09:01:30.047,1.1137,1.1147,1.1107,1.1107,0
9/4/2015 08:29:56.860,1.1137,1.1167,1.1087,1.1167,0
9/4/2015 08:31:57.377,1.1137,1.1189,1.1107,1.1107,0
9/4/2015 13:01:44.053,1.1137,1.1167,1.1088,1.1167,0
9/7/2015 23:44:08.537,1.1167,1.1197,1.1121,1.1197,0
9/8/2015 02:24:54.243,1.1197,1.1227,1.1194,1.1227,0
9/8/2015 05:35:53.463,1.1197,1.1230,1.1167,1.1167,0
9/9/2015 07:25:38.733,1.1167,1.1216,1.1137,1.1137,0
9/9/2015 14:40:57.430,1.1167,1.1197,1.1132,1.1197,0
9/9/2015 20:04:05.870,1.1197,1.1227,1.1187,1.1227,0
9/10/2015 11:14:42.250,1.1227,1.1257,1.1172,1.1257,0
9/10/2015 13:21:30.227,1.1257,1.1287,1.1250,1.1287,0
9/11/2015 11:18:11.037,1.1287,1.1317,1.1254,1.1317,0
9/11/2015 12:49:32.500,1.1317,1.1347,1.1313,1.1347,0
9/14/2015 10:59:37.860,1.1317,1.1373,1.1287,1.1287,0
9/16/2015 03:09:26.263,1.1287,1.1329,1.1257,1.1257,0
9/16/2015 05:22:50.013,1.1257,1.1269,1.1227,1.1227,0
9/16/2015 10:02:25.707,1.1257,1.1287,1.1214,1.1287,0
9/16/2015 12:33:00.430,1.1287,1.1317,1.1287,1.1317,0
9/17/2015 13:59:46.390,1.1317,1.1347,1.1275,1.1347,0
9/17/2015 13:59:56.890,1.1347,1.1377,1.1347,1.1377,0
9/17/2015 14:12:55.927,1.1377,1.1407,1.1331,1.1407,0
9/17/2015 15:53:34.123,1.1407,1.1437,1.1366,1.1437,0
9/18/2015 10:25:31.223,1.1407,1.1460,1.1377,1.1377,0
9/18/2015 14:30:26.207,1.1377,1.1391,1.1347,1.1347,0
9/18/2015 15:20:17.437,1.1347,1.1359,1.1317,1.1317,0
9/18/2015 15:34:24.183,1.1317,1.1322,1.1287,1.1287,0
9/21/2015 07:31:17.850,1.1287,1.1330,1.1257,1.1257,0
9/21/2015 10:21:18.610,1.1257,1.1259,1.1227,1.1227,0
9/21/2015 10:57:39.343,1.1227,1.1229,1.1197,1.1197,0
9/22/2015 02:12:25.720,1.1197,1.1217,1.1167,1.1167,0
9/22/2015 09:38:39.137,1.1167,1.1208,1.1137,1.1137,0
9/22/2015 20:29:54.517,1.1137,1.1155,1.1107,1.1107,0
9/23/2015 06:55:24.197,1.1137,1.1167,1.1105,1.1167,0
9/23/2015 13:42:22.887,1.1167,1.1197,1.1115,1.1197,0
9/24/2015 06:48:47.207,1.1197,1.1227,1.1165,1.1227,0
9/24/2015 09:01:02.707,1.1227,1.1257,1.1225,1.1257,0
9/24/2015 10:45:05.183,1.1257,1.1287,1.1241,1.1287,0
9/24/2015 14:15:34.400,1.1257,1.1296,1.1227,1.1227,0
9/24/2015 17:08:10.360,1.1227,1.1234,1.1197,1.1197,0
9/24/2015 18:40:34.610,1.1197,1.1207,1.1167,1.1167,0
9/25/2015 03:34:39.530,1.1167,1.1186,1.1137,1.1137,0
9/25/2015 11:22:56.180,1.1167,1.1197,1.1116,1.1197,0
9/28/2015 11:29:25.043,1.1197,1.1227,1.1147,1.1227,0
9/28/2015 21:36:52.437,1.1227,1.1257,1.1224,1.1257,0
9/29/2015 08:25:16.843,1.1227,1.1281,1.1197,1.1197,0
9/29/2015 12:23:38.807,1.1227,1.1257,1.1194,1.1257,0
9/30/2015 08:16:24.143,1.1227,1.1268,1.1197,1.1197,0
9/30/2015 10:27:28.110,1.1197,1.1208,1.1167,1.1167,0
10/1/2015 02:47:09.477,1.1167,1.1186,1.1137,1.1137,0
10/1/2015 10:00:03.707,1.1167,1.1197,1.1135,1.1197,0
10/2/2015 08:30:08.220,1.1197,1.1227,1.1150,1.1227,0
10/2/2015 08:32:27.220,1.1227,1.1257,1.1219,1.1257,0
10/2/2015 08:38:20.720,1.1257,1.1287,1.1246,1.1287,0
10/2/2015 10:07:45.943,1.1287,1.1317,1.1274,1.1317,0
10/2/2015 11:36:20.167,1.1287,1.1318,1.1257,1.1257,0
10/2/2015 13:10:46.903,1.1257,1.1285,1.1227,1.1227,0
10/5/2015 05:43:58.780,1.1257,1.1287,1.1200,1.1287,0
10/5/2015 07:20:16.510,1.1257,1.1289,1.1227,1.1227,0
10/5/2015 11:42:37.697,1.1227,1.1243,1.1197,1.1197,0
10/6/2015 10:54:58.240,1.1227,1.1257,1.1172,1.1257,0
10/8/2015 03:18:11.093,1.1257,1.1287,1.1211,1.1287,0
10/8/2015 14:05:22.993,1.1287,1.1317,1.1238,1.1317,0
10/9/2015 05:50:07.343,1.1317,1.1347,1.1263,1.1347,0
10/9/2015 08:31:41.113,1.1347,1.1377,1.1333,1.1377,0
10/13/2015 03:48:59.280,1.1377,1.1407,1.1335,1.1407,0
10/14/2015 08:29:57.227,1.1407,1.1437,1.1355,1.1437,0
10/14/2015 14:18:53.413,1.1437,1.1467,1.1408,1.1467,0
10/15/2015 08:31:19.767,1.1437,1.1495,1.1407,1.1407,0
10/15/2015 08:44:14.263,1.1407,1.1416,1.1377,1.1377,0
10/16/2015 05:53:27.080,1.1377,1.1420,1.1347,1.1347,0
10/19/2015 06:03:21.393,1.1347,1.1391,1.1317,1.1317,0
10/20/2015 06:10:22.433,1.1347,1.1377,1.1306,1.1377,0
10/22/2015 03:17:12.013,1.1347,1.1387,1.1317,1.1317,0
10/22/2015 08:28:38.720,1.1317,1.1326,1.1287,1.1287,0
10/22/2015 08:29:25.970,1.1287,1.1290,1.1257,1.1257,0
10/22/2015 08:30:12.720,1.1257,1.1260,1.1227,1.1227,0
10/22/2015 08:50:06.213,1.1227,1.1266,1.1197,1.1197,0
10/22/2015 09:31:05.447,1.1197,1.1213,1.1167,1.1167,0
10/22/2015 11:57:41.677,1.1167,1.1185,1.1137,1.1137,0
10/22/2015 15:58:42.887,1.1137,1.1143,1.1107,1.1107,0
10/22/2015 19:27:53.857,1.1107,1.1113,1.1077,1.1077,0
10/23/2015 04:49:26.793,1.1107,1.1137,1.1072,1.1137,0
10/23/2015 08:17:55.767,1.1107,1.1140,1.1077,1.1077,0
10/23/2015 08:30:34.760,1.1077,1.1077,1.1047,1.1047,0
10/23/2015 10:04:55.050,1.1047,1.1057,1.1017,1.1017,0
10/27/2015 08:28:54.463,1.1047,1.1077,1.0997,1.1077,0
10/28/2015 14:00:14.447,1.1047,1.1096,1.1017,1.1017,0
10/28/2015 14:02:29.947,1.1017,1.1028,1.0987,1.0987,0
10/28/2015 14:08:46.947,1.0987,1.1002,1.0957,1.0957,0
10/28/2015 14:17:24.430,1.0957,1.0967,1.0927,1.0927,0
10/28/2015 14:55:31.680,1.0927,1.0951,1.0897,1.0897,0
10/29/2015 05:15:09.077,1.0927,1.0957,1.0897,1.0957,0
10/29/2015 18:24:37.457,1.0957,1.0987,1.0925,1.0987,0
10/30/2015 05:14:18.077,1.0987,1.1017,1.0965,1.1017,0
10/30/2015 09:59:36.530,1.1017,1.1047,1.0995,1.1047,0
10/30/2015 15:31:28.230,1.1017,1.1073,1.0987,1.0987,0
11/2/2015 02:47:32.140,1.1017,1.1047,1.0987,1.1047,0
11/3/2015 04:17:13.187,1.1017,1.1053,1.0987,1.0987,0
11/3/2015 08:51:00.910,1.0987,1.0995,1.0957,1.0957,0
11/4/2015 02:30:20.527,1.0957,1.0970,1.0927,1.0927,0
11/4/2015 09:21:55.223,1.0927,1.0942,1.0897,1.0897,0
11/4/2015 10:04:52.957,1.0897,1.0900,1.0867,1.0867,0
11/5/2015 02:57:58.320,1.0867,1.0877,1.0837,1.0837,0
11/6/2015 08:29:57.590,1.0837,1.0897,1.0807,1.0807,0
11/6/2015 08:30:04.607,1.0807,1.0807,1.0777,1.0777,0
11/6/2015 08:30:13.357,1.0777,1.0777,1.0747,1.0747,0
11/6/2015 08:30:30.357,1.0747,1.0747,1.0717,1.0717,0
11/9/2015 03:37:25.097,1.0747,1.0777,1.0706,1.0777,0
11/10/2015 07:49:15.373,1.0747,1.0790,1.0717,1.0717,0
11/10/2015 08:40:15.353,1.0717,1.0721,1.0687,1.0687,0
11/10/2015 20:38:37.747,1.0717,1.0747,1.0674,1.0747,0
11/11/2015 20:24:34.800,1.0747,1.0777,1.0706,1.0777,0
11/12/2015 03:32:55.730,1.0747,1.0780,1.0717,1.0717,0
11/12/2015 09:43:55.177,1.0747,1.0777,1.0691,1.0777,0
11/12/2015 10:00:59.677,1.0777,1.0807,1.0767,1.0807,0
11/12/2015 11:10:20.903,1.0777,1.0809,1.0747,1.0747,0
11/12/2015 15:49:29.860,1.0777,1.0807,1.0747,1.0807,0
11/13/2015 08:42:53.693,1.0777,1.0830,1.0747,1.0747,0
11/13/2015 12:18:59.667,1.0747,1.0755,1.0717,1.0717,0
11/16/2015 13:12:14.027,1.0717,1.0775,1.0687,1.0687,0
11/16/2015 23:13:04.170,1.0687,1.0696,1.0657,1.0657,0
11/18/2015 11:31:46.290,1.0657,1.0692,1.0627,1.0627,0
11/18/2015 20:16:40.927,1.0657,1.0687,1.0617,1.0687,0
11/18/2015 20:45:44.477,1.0687,1.0717,1.0683,1.0717,0
11/19/2015 11:09:53.320,1.0717,1.0747,1.0667,1.0747,0
11/20/2015 02:56:32.697,1.0717,1.0763,1.0687,1.0687,0
11/20/2015 11:06:25.347,1.0687,1.0708,1.0657,1.0657,0
11/20/2015 16:59:58.533,1.0657,1.0663,1.0627,1.0627,0
11/23/2015 11:37:42.850,1.0627,1.0657,1.0597,1.0597,0
11/24/2015 03:51:58.680,1.0627,1.0657,1.0593,1.0657,0
11/25/2015 02:32:36.203,1.0657,1.0687,1.0628,1.0687,0
11/25/2015 04:26:08.423,1.0657,1.0689,1.0627,1.0627,0
11/25/2015 05:19:03.937,1.0627,1.0633,1.0597,1.0597,0
11/25/2015 10:00:24.113,1.0597,1.0616,1.0567,1.0567,0
11/25/2015 12:06:04.350,1.0597,1.0627,1.0566,1.0627,0
11/30/2015 04:11:11.220,1.0597,1.0642,1.0567,1.0567,0
12/1/2015 09:15:27.657,1.0597,1.0627,1.0558,1.0627,0
12/2/2015 10:03:57.883,1.0597,1.0637,1.0567,1.0567,0
12/3/2015 07:40:14.837,1.0597,1.0627,1.0540,1.0627,0
12/3/2015 07:40:22.150,1.0627,1.0657,1.0627,1.0657,0
12/3/2015 07:41:42.963,1.0627,1.0678,1.0597,1.0597,0
12/3/2015 07:45:16.960,1.0597,1.0630,1.0567,1.0567,0
12/3/2015 07:45:19.710,1.0567,1.0567,1.0537,1.0537,0
12/3/2015 07:45:29.960,1.0567,1.0597,1.0522,1.0597,0
12/3/2015 07:45:30.960,1.0597,1.0627,1.0597,1.0627,0
12/3/2015 07:45:33.710,1.0627,1.0657,1.0627,1.0657,0
12/3/2015 07:45:46.210,1.0657,1.0687,1.0657,1.0687,0
12/3/2015 07:46:05.710,1.0657,1.0690,1.0627,1.0627,0
12/3/2015 08:01:21.957,1.0657,1.0687,1.0613,1.0687,0
12/3/2015 08:06:10.987,1.0687,1.0717,1.0685,1.0717,0
12/3/2015 08:24:14.947,1.0687,1.0741,1.0657,1.0657,0
12/3/2015 08:33:31.770,1.0687,1.0717,1.0646,1.0717,0
12/3/2015 08:34:29.473,1.0717,1.0747,1.0706,1.0747,0
12/3/2015 08:34:50.287,1.0747,1.0777,1.0744,1.0777,0
12/3/2015 08:35:02.833,1.0777,1.0807,1.0777,1.0807,0
12/3/2015 08:43:19.717,1.0807,1.0837,1.0773,1.0837,0
12/3/2015 08:44:35.467,1.0837,1.0867,1.0835,1.0867,0
12/3/2015 09:05:00.957,1.0837,1.0894,1.0807,1.0807,0
12/3/2015 10:09:44.433,1.0837,1.0867,1.0789,1.0867,0
12/3/2015 11:30:03.927,1.0867,1.0897,1.0837,1.0897,0
12/3/2015 11:37:41.923,1.0897,1.0927,1.0877,1.0927,0
12/3/2015 14:32:48.393,1.0927,1.0957,1.0894,1.0957,0
12/4/2015 02:19:16.537,1.0927,1.0981,1.0897,1.0897,0
12/4/2015 03:05:17.270,1.0897,1.0898,1.0867,1.0867,0
12/4/2015 08:29:46.197,1.0897,1.0927,1.0855,1.0927,0
12/4/2015 08:30:22.460,1.0897,1.0950,1.0867,1.0867,0
12/4/2015 09:02:49.700,1.0897,1.0927,1.0863,1.0927,0
12/4/2015 12:30:19.440,1.0897,1.0951,1.0867,1.0867,0
12/4/2015 12:34:32.173,1.0867,1.0869,1.0837,1.0837,0
12/7/2015 05:18:49.073,1.0837,1.0883,1.0807,1.0807,0
12/8/2015 02:04:19.847,1.0837,1.0867,1.0796,1.0867,0
12/8/2015 09:02:05.043,1.0867,1.0897,1.0840,1.0897,0
12/9/2015 02:00:45.880,1.0897,1.0927,1.0866,1.0927,0
12/9/2015 08:37:56.770,1.0927,1.0957,1.0906,1.0957,0
12/9/2015 09:05:54.050,1.0957,1.0987,1.0952,1.0987,0
12/9/2015 13:06:09.477,1.0987,1.1017,1.0950,1.1017,0
12/10/2015 05:12:41.590,1.0987,1.1043,1.0957,1.0957,0
12/10/2015 10:51:43.550,1.0957,1.0973,1.0927,1.0927,0
12/11/2015 09:20:48.557,1.0957,1.0987,1.0925,1.0987,0
12/11/2015 09:49:00.797,1.0987,1.1017,1.0984,1.1017,0
12/14/2015 02:17:09.877,1.0987,1.1031,1.0957,1.0957,0
12/14/2015 10:12:29.560,1.0987,1.1017,1.0946,1.1017,0
12/14/2015 11:12:35.310,1.1017,1.1047,1.1007,1.1047,0
12/14/2015 15:56:38.993,1.1017,1.1049,1.0987,1.0987,0
12/15/2015 02:31:48.150,1.1017,1.1047,1.0984,1.1047,0
12/15/2015 07:32:44.873,1.1017,1.1059,1.0987,1.0987,0
12/15/2015 09:30:44.337,1.0987,1.1000,1.0957,1.0957,0
12/15/2015 10:54:38.047,1.0957,1.0962,1.0927,1.0927,0
12/16/2015 14:00:19.807,1.0927,1.0969,1.0897,1.0897,0
12/16/2015 14:13:19.057,1.0927,1.0957,1.0888,1.0957,0
12/16/2015 14:32:44.557,1.0957,1.0987,1.0925,1.0987,0
12/16/2015 15:20:08.687,1.0957,1.1011,1.0927,1.0927,0
12/16/2015 15:26:49.280,1.0927,1.0931,1.0897,1.0897,0
12/16/2015 18:30:18.483,1.0897,1.0935,1.0867,1.0867,0
12/16/2015 22:35:31.457,1.0867,1.0888,1.0837,1.0837,0
12/17/2015 11:41:31.053,1.0837,1.0878,1.0807,1.0807,0
12/18/2015 02:59:31.133,1.0837,1.0867,1.0803,1.0867,0
12/18/2015 03:26:07.413,1.0837,1.0869,1.0807,1.0807,0
12/18/2015 15:13:45.530,1.0837,1.0867,1.0805,1.0867,0
12/21/2015 09:00:05.807,1.0867,1.0897,1.0848,1.0897,0
12/21/2015 11:25:55.490,1.0897,1.0927,1.0883,1.0927,0
12/22/2015 08:21:02.083,1.0927,1.0957,1.0902,1.0957,0
12/23/2015 09:19:34.097,1.0927,1.0984,1.0897,1.0897,0
12/24/2015 03:51:20.143,1.0927,1.0957,1.0870,1.0957,0
12/24/2015 13:59:45.037,1.0957,1.0968,1.0932,1.0963,0
